
INSERT INTO cop_role (ROLE_ID, ADMIN_ROLE, BANK_ROLE, MERCHANT_ROLE, ROLE_NAME, SUPER_ADMIN_ROLE,ACCESS_LEVEL, CREATED) VALUES ('0001', true, false, false, 'Administrator', true,'ADA', now());
INSERT INTO cop_role (ROLE_ID, ADMIN_ROLE, BANK_ROLE, MERCHANT_ROLE, ROLE_NAME, SUPER_ADMIN_ROLE,ACCESS_LEVEL, CREATED) VALUES ('0002', false, false, false, 'Support Staff', false,'ADA', now());
INSERT INTO cop_role (ROLE_ID, ADMIN_ROLE, BANK_ROLE, MERCHANT_ROLE, ROLE_NAME, SUPER_ADMIN_ROLE,ACCESS_LEVEL, CREATED) VALUES ('0003', false, false, false, 'Internal Audit Staff', false,'ADA', now());
INSERT INTO cop_role (ROLE_ID, ADMIN_ROLE, BANK_ROLE, MERCHANT_ROLE, ROLE_NAME, SUPER_ADMIN_ROLE,ACCESS_LEVEL, CREATED) VALUES ('0004', true, true, false, 'Bank Administrator', false,'ADA', now());
INSERT INTO cop_role (ROLE_ID, ADMIN_ROLE, BANK_ROLE, MERCHANT_ROLE, ROLE_NAME, SUPER_ADMIN_ROLE,ACCESS_LEVEL, CREATED) VALUES ('0005', false, true, false, 'Bank Control Unit', false,'BADA', now());
INSERT INTO cop_role (ROLE_ID, ADMIN_ROLE, BANK_ROLE, MERCHANT_ROLE, ROLE_NAME, SUPER_ADMIN_ROLE,ACCESS_LEVEL, CREATED) VALUES ('0006', true, false, true, 'Corporate Administrator', false,'BADA', now());
INSERT INTO cop_role (ROLE_ID, ADMIN_ROLE, BANK_ROLE, MERCHANT_ROLE, ROLE_NAME, SUPER_ADMIN_ROLE,ACCESS_LEVEL, CREATED) VALUES ('0007', false, false, true, 'Corporate Uploader', false,'CADA', now());
INSERT INTO cop_role (ROLE_ID, ADMIN_ROLE, BANK_ROLE, MERCHANT_ROLE, ROLE_NAME, SUPER_ADMIN_ROLE,ACCESS_LEVEL, CREATED) VALUES ('0008', false, false, true, 'Corporate Authorizer', false,'CADA', now());
INSERT INTO cop_role (ROLE_ID, ADMIN_ROLE, BANK_ROLE, MERCHANT_ROLE, ROLE_NAME, SUPER_ADMIN_ROLE,ACCESS_LEVEL, CREATED) VALUES ('0009', false, false, true, 'Corporate Final Authorizer' ,false,'CADA',now());
INSERT INTO cop_role (ROLE_ID, ADMIN_ROLE, BANK_ROLE, MERCHANT_ROLE, ROLE_NAME, SUPER_ADMIN_ROLE,ACCESS_LEVEL, CREATED) VALUES ('0010', true, true, false, 'Bank Corporate Administrator', false,'BADA', now());
INSERT INTO cop_role (ROLE_ID, ADMIN_ROLE, BANK_ROLE, MERCHANT_ROLE, ROLE_NAME, SUPER_ADMIN_ROLE,ACCESS_LEVEL, CREATED) VALUES ('0011', false, true, false, 'Bank Corporate Uploader', false,'BADA', now());
INSERT INTO cop_role (ROLE_ID, ADMIN_ROLE, BANK_ROLE, MERCHANT_ROLE, ROLE_NAME, SUPER_ADMIN_ROLE,ACCESS_LEVEL, CREATED) VALUES ('0012', false, true, false, 'Bank Corporate Authorizer', false,'BADA', now());
INSERT INTO cop_role (ROLE_ID, ADMIN_ROLE, BANK_ROLE, MERCHANT_ROLE, ROLE_NAME, SUPER_ADMIN_ROLE,ACCESS_LEVEL, CREATED) VALUES ('0013', false, true, false, 'Bank Corporate Final Authorizer', false,'BADA', now());
INSERT INTO cop_role (ROLE_ID, ADMIN_ROLE, BANK_ROLE, MERCHANT_ROLE, ROLE_NAME, SUPER_ADMIN_ROLE,ACCESS_LEVEL, CREATED) VALUES ('0014', false, false, false, 'Personal', false, 'NA',now());
INSERT INTO cop_role (ROLE_ID, ADMIN_ROLE, BANK_ROLE, MERCHANT_ROLE, ROLE_NAME, SUPER_ADMIN_ROLE,ACCESS_LEVEL, CREATED) VALUES ('0015', false, false, false, 'PFA', false,'CADA', now());
INSERT INTO cop_role (ROLE_ID, ADMIN_ROLE, BANK_ROLE, MERCHANT_ROLE, ROLE_NAME, SUPER_ADMIN_ROLE,ACCESS_LEVEL, CREATED) VALUES ('0016', false, false, false, 'TAX', false,'CADA', now());

INSERT INTO COP_SERVICE (ID, IS_DEFAULT,SERVICE_DESC,CREATED) VALUES ('#core', true,'Core Service', now());
INSERT INTO COP_SERVICE (ID, IS_DEFAULT,SERVICE_DESC, CREATED) VALUES ('#payr', false,'Payroll', now());


INSERT INTO cop_menu (ID, LABEL,POSITION,TOOL_TIP,CP_SERVICE_ID, CREATED) VALUES ('01', 'Set Up',1,'category of functions to do setups','#core', now());
INSERT INTO cop_menu (ID, LABEL,POSITION,TOOL_TIP,CP_SERVICE_ID, CREATED) VALUES ('02', 'Transactions',2,'category of functions to create or initiate transactions','#core',now());
INSERT INTO cop_menu (ID, LABEL,POSITION,TOOL_TIP,CP_SERVICE_ID, CREATED) VALUES ('03', 'Payroll',3,'category of functions concerned with payroll','#payr',now());
INSERT INTO cop_menu (ID, LABEL,POSITION,TOOL_TIP,CP_SERVICE_ID, CREATED) VALUES ('04', 'Reports',4,'category of functions concerned with reporting','#core', now());
INSERT INTO cop_menu (ID, LABEL,POSITION,TOOL_TIP,CP_SERVICE_ID, CREATED) VALUES ('05', 'Payroll Report',5,'category of functions concerned with payroll report','#payr', now());

INSERT INTO cop_menuitem (ID, ACTIVE,HREF,LABEL,O_HREF,POSITION,TOOL_TIP,MENU_ID,CREATED) VALUES ('001', true,'/setup/user','Users','user.jsf',1,'setup for users','01',now());
INSERT INTO cop_menuitem (ID, ACTIVE,HREF,LABEL,O_HREF,POSITION,TOOL_TIP,MENU_ID, CREATED) VALUES ('002', true,'/setup/corporate','Corporates','corporate.jsf',2,'setup fr corporate','01',now());
INSERT INTO cop_menuitem (ID, ACTIVE,HREF,LABEL,O_HREF,POSITION,TOOL_TIP,MENU_ID, CREATED) VALUES ('003', true,'/setup/acctdetails','Account Details','acctdetails.jsf',3,'account details setup','01', now());
INSERT INTO cop_menuitem (ID, ACTIVE,HREF,LABEL,O_HREF,POSITION,TOOL_TIP,MENU_ID, CREATED) VALUES ('004', true,'/setup/holdingacct','Holding Accounts','holdingacct.jsf',4,'holding acccount setup','01', now());
INSERT INTO cop_menuitem (ID, ACTIVE,HREF,LABEL,O_HREF,POSITION,TOOL_TIP,MENU_ID, CREATED) VALUES ('005', true,'/setup/bank','Banks','bank.jsf',5,'bank setup','01', now());
INSERT INTO cop_menuitem (ID, ACTIVE,HREF,LABEL,O_HREF,POSITION,TOOL_TIP,MENU_ID,CREATED) VALUES ('006', true,'/setup/commission','Commission','commision.jsf',6,'commision setup','01', now());
INSERT INTO cop_menuitem (ID, ACTIVE,HREF,LABEL,O_HREF,POSITION,TOOL_TIP,MENU_ID,CREATED) VALUES ('007', true,'/setup/apgroup','Approval Group','approvalgroup.jsf',7,'approval group setup','01',now());
INSERT INTO cop_menuitem (ID, ACTIVE,HREF,LABEL,O_HREF,POSITION,TOOL_TIP,MENU_ID, CREATED) VALUES ('008', true,'/setup/aproute','Approval Route','approvalroute.jsf',8,'approval routesetup','01',now());
INSERT INTO cop_menuitem (ID, ACTIVE,HREF,LABEL,O_HREF,POSITION,TOOL_TIP,MENU_ID, CREATED) VALUES ('009', true,'/setup/pfaoffice','PFA Office','pfaoffice.jsf',9,'pension fund administratr office setup','01',now());
INSERT INTO cop_menuitem (ID, ACTIVE,HREF,LABEL,O_HREF,POSITION,TOOL_TIP,MENU_ID, CREATED) VALUES ('010', true,'/setup/taxoffice','TAX Office','taxoffice.jsf',10,'TAX office setup','01',now());
INSERT INTO cop_menuitem (ID, ACTIVE,HREF,LABEL,O_HREF,POSITION,TOOL_TIP,MENU_ID,CREATED) VALUES ('011', true,'/payment/paymanager','Payment Management','paymentMgt.jsf',11,'managing payment','02',now());
INSERT INTO cop_menuitem (ID, ACTIVE,HREF,LABEL,O_HREF,POSITION,TOOL_TIP,MENU_ID,CREATED) VALUES ('012', true,'/payment/upload','Manage Payment Upload','paymentUpload.jsf',12,'managing payment upload','02',now());
INSERT INTO cop_menuitem (ID, ACTIVE,HREF,LABEL,O_HREF,POSITION,TOOL_TIP,MENU_ID,CREATED) VALUES ('013', true,'/payment/scheduling','Manage Payment Scheduling','paymentSchedule.jsf',13,'managing payment scheduling','02',now());
INSERT INTO cop_menuitem (ID, ACTIVE,HREF,LABEL,O_HREF,POSITION,TOOL_TIP,MENU_ID,CREATED) VALUES ('014', true,'/payment/single','Single Banaficiary Payment','singlePayment.jsf',14,'managing single beneficiary payment','02',now());
INSERT INTO cop_menuitem (ID, ACTIVE,HREF,LABEL,O_HREF,POSITION,TOOL_TIP,MENU_ID,CREATED) VALUES ('015', true,'/payroll/period','Payroll Period','payrollPeriod.jsf',15,'managing payroll period','03',now());
INSERT INTO cop_menuitem (ID, ACTIVE,HREF,LABEL,O_HREF,POSITION,TOOL_TIP,MENU_ID,CREATED) VALUES ('016', true,'/payroll/statdeductn','Statutory Deductions','statdeduction.jsf',16,'managing statutory deductions','03',now());
INSERT INTO cop_menuitem (ID, ACTIVE,HREF,LABEL,O_HREF,POSITION,TOOL_TIP,MENU_ID,CREATED) VALUES ('017', true,'/payroll/otherdeductn','Other Deductions','otherdeduction.jsf',17,'managing other deductions','03',now());
INSERT INTO cop_menuitem (ID, ACTIVE,HREF,LABEL,O_HREF,POSITION,TOOL_TIP,MENU_ID,CREATED) VALUES ('018', true,'/payroll/worker','Payroll Workers','payrollworkers.jsf',18,'managing payroll workers','03',now());
INSERT INTO cop_menuitem (ID, ACTIVE,HREF,LABEL,O_HREF,POSITION,TOOL_TIP,MENU_ID,CREATED) VALUES ('019', true,'/payroll/wrkdeduct','Payroll Workers Deductions','workersdeduction.jsf',19,'managing payroll workers deductions','03',now());
INSERT INTO cop_menuitem (ID, ACTIVE,HREF,LABEL,O_HREF,POSITION,TOOL_TIP,MENU_ID,CREATED) VALUES ('020', true,'/payroll/report/pslip','PaySlip','payslipreports.jsf',20,'pay slip','05',now());
INSERT INTO cop_menuitem (ID, ACTIVE,HREF,LABEL,O_HREF,POSITION,TOOL_TIP,MENU_ID,CREATED) VALUES ('021', true,'/payroll/report/summary','Payroll Summary Report','payrollsummary.jsf',21,'payroll summary','05',now());
INSERT INTO cop_menuitem (ID, ACTIVE,HREF,LABEL,O_HREF,POSITION,TOOL_TIP,MENU_ID,CREATED) VALUES ('022', true,'/payroll/report/detail','Payroll Details Report','payrolldetailrpt.jsf',22,'payroll detail report','05',now());

INSERT INTO cop_roletable_menuitem (ROLE_ID, MENUITEM_ID) VALUES ('0001', '001');
INSERT INTO cop_roletable_menuitem (ROLE_ID, MENUITEM_ID) VALUES ('0001', '002');
INSERT INTO cop_roletable_menuitem (ROLE_ID, MENUITEM_ID) VALUES ('0001', '005');
INSERT INTO cop_roletable_menuitem (ROLE_ID, MENUITEM_ID) VALUES ('0001', '006');
INSERT INTO cop_roletable_menuitem (ROLE_ID, MENUITEM_ID) VALUES ('0001', '007');
INSERT INTO cop_roletable_menuitem (ROLE_ID, MENUITEM_ID) VALUES ('0001', '008');
INSERT INTO cop_roletable_menuitem (ROLE_ID, MENUITEM_ID) VALUES ('0003', '001');
INSERT INTO cop_roletable_menuitem (ROLE_ID, MENUITEM_ID) VALUES ('0003', '001');
INSERT INTO cop_roletable_menuitem (ROLE_ID, MENUITEM_ID) VALUES ('0003', '002');
INSERT INTO cop_roletable_menuitem (ROLE_ID, MENUITEM_ID) VALUES ('0003', '005');
INSERT INTO cop_roletable_menuitem (ROLE_ID, MENUITEM_ID) VALUES ('0003', '006');
INSERT INTO cop_roletable_menuitem (ROLE_ID, MENUITEM_ID) VALUES ('0003', '007');
INSERT INTO cop_roletable_menuitem (ROLE_ID, MENUITEM_ID) VALUES ('0003', '008');
INSERT INTO cop_roletable_menuitem (ROLE_ID, MENUITEM_ID) VALUES ('0004', '001');
INSERT INTO cop_roletable_menuitem (ROLE_ID, MENUITEM_ID) VALUES ('0004', '003');
INSERT INTO cop_roletable_menuitem (ROLE_ID, MENUITEM_ID) VALUES ('0004', '006');
INSERT INTO cop_roletable_menuitem (ROLE_ID, MENUITEM_ID) VALUES ('0004', '007');
INSERT INTO cop_roletable_menuitem (ROLE_ID, MENUITEM_ID) VALUES ('0004', '008');
INSERT INTO cop_roletable_menuitem (ROLE_ID, MENUITEM_ID) VALUES ('0005', '003');
INSERT INTO cop_roletable_menuitem (ROLE_ID, MENUITEM_ID) VALUES ('0005', '006');
INSERT INTO cop_roletable_menuitem (ROLE_ID, MENUITEM_ID) VALUES ('0005', '007');
INSERT INTO cop_roletable_menuitem (ROLE_ID, MENUITEM_ID) VALUES ('0005', '008');
INSERT INTO cop_roletable_menuitem (ROLE_ID, MENUITEM_ID) VALUES ('0006', '001');
INSERT INTO cop_roletable_menuitem (ROLE_ID, MENUITEM_ID) VALUES ('0006', '003');
INSERT INTO cop_roletable_menuitem (ROLE_ID, MENUITEM_ID) VALUES ('0006', '007');
INSERT INTO cop_roletable_menuitem (ROLE_ID, MENUITEM_ID) VALUES ('0006', '008');
INSERT INTO cop_roletable_menuitem (ROLE_ID, MENUITEM_ID) VALUES ('0006', '015');
INSERT INTO cop_roletable_menuitem (ROLE_ID, MENUITEM_ID) VALUES ('0006', '016');
INSERT INTO cop_roletable_menuitem (ROLE_ID, MENUITEM_ID) VALUES ('0006', '017');
INSERT INTO cop_roletable_menuitem (ROLE_ID, MENUITEM_ID) VALUES ('0006', '018');
INSERT INTO cop_roletable_menuitem (ROLE_ID, MENUITEM_ID) VALUES ('0006', '019');
INSERT INTO cop_roletable_menuitem (ROLE_ID, MENUITEM_ID) VALUES ('0006', '020');
INSERT INTO cop_roletable_menuitem (ROLE_ID, MENUITEM_ID) VALUES ('0006', '021');
INSERT INTO cop_roletable_menuitem (ROLE_ID, MENUITEM_ID) VALUES ('0006', '022');
INSERT INTO cop_roletable_menuitem (ROLE_ID, MENUITEM_ID) VALUES ('0007', '011');
INSERT INTO cop_roletable_menuitem (ROLE_ID, MENUITEM_ID) VALUES ('0007', '012');
INSERT INTO cop_roletable_menuitem (ROLE_ID, MENUITEM_ID) VALUES ('0007', '013');
INSERT INTO cop_roletable_menuitem (ROLE_ID, MENUITEM_ID) VALUES ('0007', '014');
INSERT INTO cop_roletable_menuitem (ROLE_ID, MENUITEM_ID) VALUES ('0007', '018');
INSERT INTO cop_roletable_menuitem (ROLE_ID, MENUITEM_ID) VALUES ('0007', '019');
INSERT INTO cop_roletable_menuitem (ROLE_ID, MENUITEM_ID) VALUES ('0007', '020');
INSERT INTO cop_roletable_menuitem (ROLE_ID, MENUITEM_ID) VALUES ('0008', '011');
INSERT INTO cop_roletable_menuitem (ROLE_ID, MENUITEM_ID) VALUES ('0008', '012');
INSERT INTO cop_roletable_menuitem (ROLE_ID, MENUITEM_ID) VALUES ('0008', '013');
INSERT INTO cop_roletable_menuitem (ROLE_ID, MENUITEM_ID) VALUES ('0008', '014');
INSERT INTO cop_roletable_menuitem (ROLE_ID, MENUITEM_ID) VALUES ('0009', '011');
INSERT INTO cop_roletable_menuitem (ROLE_ID, MENUITEM_ID) VALUES ('0009', '012');
INSERT INTO cop_roletable_menuitem (ROLE_ID, MENUITEM_ID) VALUES ('0009', '013');
INSERT INTO cop_roletable_menuitem (ROLE_ID, MENUITEM_ID) VALUES ('0009', '014');
INSERT INTO cop_roletable_menuitem (ROLE_ID, MENUITEM_ID) VALUES ('0010', '001');
INSERT INTO cop_roletable_menuitem (ROLE_ID, MENUITEM_ID) VALUES ('0010', '003');
INSERT INTO cop_roletable_menuitem (ROLE_ID, MENUITEM_ID) VALUES ('0010', '007');
INSERT INTO cop_roletable_menuitem (ROLE_ID, MENUITEM_ID) VALUES ('0010', '008');
INSERT INTO cop_roletable_menuitem (ROLE_ID, MENUITEM_ID) VALUES ('0010', '015');
INSERT INTO cop_roletable_menuitem (ROLE_ID, MENUITEM_ID) VALUES ('0010', '016');
INSERT INTO cop_roletable_menuitem (ROLE_ID, MENUITEM_ID) VALUES ('0010', '017');
INSERT INTO cop_roletable_menuitem (ROLE_ID, MENUITEM_ID) VALUES ('0010', '018');
INSERT INTO cop_roletable_menuitem (ROLE_ID, MENUITEM_ID) VALUES ('0010', '019');
INSERT INTO cop_roletable_menuitem (ROLE_ID, MENUITEM_ID) VALUES ('0010', '020');
INSERT INTO cop_roletable_menuitem (ROLE_ID, MENUITEM_ID) VALUES ('0010', '021');
INSERT INTO cop_roletable_menuitem (ROLE_ID, MENUITEM_ID) VALUES ('0010', '022');
INSERT INTO cop_roletable_menuitem (ROLE_ID, MENUITEM_ID) VALUES ('0011', '011');
INSERT INTO cop_roletable_menuitem (ROLE_ID, MENUITEM_ID) VALUES ('0011', '012');
INSERT INTO cop_roletable_menuitem (ROLE_ID, MENUITEM_ID) VALUES ('0011', '013');
INSERT INTO cop_roletable_menuitem (ROLE_ID, MENUITEM_ID) VALUES ('0011', '014');
INSERT INTO cop_roletable_menuitem (ROLE_ID, MENUITEM_ID) VALUES ('0011', '018');
INSERT INTO cop_roletable_menuitem (ROLE_ID, MENUITEM_ID) VALUES ('0011', '019');
INSERT INTO cop_roletable_menuitem (ROLE_ID, MENUITEM_ID) VALUES ('0011', '020');
INSERT INTO cop_roletable_menuitem (ROLE_ID, MENUITEM_ID) VALUES ('0012', '011');
INSERT INTO cop_roletable_menuitem (ROLE_ID, MENUITEM_ID) VALUES ('0012', '012');
INSERT INTO cop_roletable_menuitem (ROLE_ID, MENUITEM_ID) VALUES ('0012', '013');
INSERT INTO cop_roletable_menuitem (ROLE_ID, MENUITEM_ID) VALUES ('0012', '014');
INSERT INTO cop_roletable_menuitem (ROLE_ID, MENUITEM_ID) VALUES ('0013', '011');
INSERT INTO cop_roletable_menuitem (ROLE_ID, MENUITEM_ID) VALUES ('0013', '012');
INSERT INTO cop_roletable_menuitem (ROLE_ID, MENUITEM_ID) VALUES ('0013', '013');
INSERT INTO cop_roletable_menuitem (ROLE_ID, MENUITEM_ID) VALUES ('0013', '014');
INSERT INTO cop_roletable_menuitem (ROLE_ID, MENUITEM_ID) VALUES ('0014', '003');
INSERT INTO cop_roletable_menuitem (ROLE_ID, MENUITEM_ID) VALUES ('0014', '013');
INSERT INTO cop_roletable_menuitem (ROLE_ID, MENUITEM_ID) VALUES ('0015', '009');
INSERT INTO cop_roletable_menuitem (ROLE_ID, MENUITEM_ID) VALUES ('0016', '010');



INSERT INTO COP_APPROVAL_TYPE (ID, APPR_DESC,ACCESS_LEVEL, CREATED) VALUES ('#USER', 'User','ARTA', now());
INSERT INTO COP_APPROVAL_TYPE (ID, APPR_DESC,ACCESS_LEVEL,CREATED) VALUES ('#CORP', 'Corporate','ADA', now());
INSERT INTO COP_APPROVAL_TYPE (ID, APPR_DESC,ACCESS_LEVEL,CREATED) VALUES ('#CARD', 'Card','BADA_CADA', now());
INSERT INTO COP_APPROVAL_TYPE (ID, APPR_DESC,ACCESS_LEVEL,CREATED) VALUES ('#BANK', 'Bank','ADA', now());
INSERT INTO COP_APPROVAL_TYPE (ID, APPR_DESC,ACCESS_LEVEL,CREATED) VALUES ('#ECOM', 'Commission','ADA', now());
INSERT INTO COP_APPROVAL_TYPE (ID, APPR_DESC,ACCESS_LEVEL,CREATED) VALUES ('#BCOM', 'BankCommission','BADA', now());
INSERT INTO COP_APPROVAL_TYPE (ID, APPR_DESC,ACCESS_LEVEL,CREATED) VALUES ('#APPG', 'ApprovalGroup','ARTA', now());
INSERT INTO COP_APPROVAL_TYPE (ID, APPR_DESC,ACCESS_LEVEL,CREATED) VALUES ('#HOLDA', 'HoldingAccount','BADA_CADA', now());
INSERT INTO COP_APPROVAL_TYPE (ID, APPR_DESC,ACCESS_LEVEL,CREATED) VALUES ('#TAXO', 'Tax','CADA', now());
INSERT INTO COP_APPROVAL_TYPE (ID, APPR_DESC,ACCESS_LEVEL,CREATED) VALUES ('#PFAO', 'PFA','CADA', now());
INSERT INTO COP_APPROVAL_TYPE (ID, APPR_DESC,ACCESS_LEVEL,CREATED) VALUES ('#PYMT', 'Payment','CADA', now());
INSERT INTO COP_APPROVAL_TYPE (ID, APPR_DESC,ACCESS_LEVEL,CREATED) VALUES ('#PAYR', 'PayrollPeriod','CADA', now());
INSERT INTO COP_APPROVAL_TYPE (ID, APPR_DESC,ACCESS_LEVEL,CREATED) VALUES ('#PRWK', 'Worker','CADA', now());
INSERT INTO COP_APPROVAL_TYPE (ID, APPR_DESC,ACCESS_LEVEL,CREATED) VALUES ('#PRWKD', 'WorkersDeduction','CADA', now());


INSERT INTO COP_UPLOAD_TYPE (ID, APPR_DESC, CREATED) VALUES ('#SAL', 'Salary', now());
INSERT INTO COP_UPLOAD_TYPE (ID, APPR_DESC, CREATED) VALUES ('#CSAL', 'Complete Salary',now());
INSERT INTO COP_UPLOAD_TYPE (ID, APPR_DESC, CREATED) VALUES ('#VEND', 'Vendor',now());
INSERT INTO COP_UPLOAD_TYPE (ID, APPR_DESC, CREATED) VALUES ('#PEN', 'Pension',now());
INSERT INTO COP_UPLOAD_TYPE (ID, APPR_DESC, CREATED) VALUES ('#TAX', 'Tax',now());

INSERT INTO COP_APPROVER (ID) VALUES (1);
INSERT INTO COP_APPROVER (ID) VALUES (2);
INSERT INTO COP_USER (ACTIVE_STATUS, DATE_CREATED, EMAIL,FIRSTNAME,FLAG_STATUS,DAY_5,FROM_TIME_ACCESS,LASTNAME,MOBILE_PHONE,DAY_1,PASSWORD,PASS_DATE_EXPIRE,PASS_LOCK_DATE,PASSWORD_MISSED,DAY_6,SCRET_KEY,DAY_7,DAY_4,TO_TIME_ACCESS,DAY_2,USERNAME,DAY_3,ID,ROLE_ID,CENTRAL) VALUES (true,now(),'desmondtutu@etranzact.com','desmond','AP','1',now(),'tutu','4858686868','1','desmond1234',now(),now(),0,'1','','1','1',now(),'1','desmondtutu@etranzact.com','1',1,'0001',true);
INSERT INTO COP_USER (ACTIVE_STATUS, DATE_CREATED, EMAIL,FIRSTNAME,FLAG_STATUS,DAY_5,FROM_TIME_ACCESS,LASTNAME,MOBILE_PHONE,DAY_1,PASSWORD,PASS_DATE_EXPIRE,PASS_LOCK_DATE,PASSWORD_MISSED,DAY_6,SCRET_KEY,DAY_7,DAY_4,TO_TIME_ACCESS,DAY_2,USERNAME,DAY_3,ID,ROLE_ID,CENTRAL) VALUES (true,now(),'adebayodada@etranzact.com','adebayo','AP','1',now(),'tutu','4858686868','1','adebayo1234',now(),now(),0,'1','','1','1',now(),'1','adebayodada@etranzact.com','1',2,'0001',true);

INSERT INTO COP_ISSUER (ISSUER_CODE,ACTIVE,BANK_EMAIL,BANK_IP,ISSUER_NAME,CREATED,FLAG_STATUS) VALUES ('216',true,'test@test.com','192.65.3.45','FIDELITY BANK',now(),'AP');
INSERT INTO COP_BANK_USER (ID,BANK_ID) VALUES (1,216);